<?xml version="1.0" encoding="utf-8"?>
<!DOCTYPE article PUBLIC "-//NLM//DTD JATS (Z39.96) Journal Archiving
and Interchange DTD v1.2 20190208//EN" "JATS-archivearticle1.dtd">
<article xmlns:mml="http://www.w3.org/1998/Math/MathML" xmlns:xlink="http://www.w3.org/1999/xlink" dtd-version="1.2" article-type="other">
  <front>
    <journal-meta>
      <journal-id/>
      <journal-title-group>
        <journal-title>Friedrich-Alexander Universitaet
Erlangen-Nuernberg</journal-title>
      </journal-title-group>
      <issn/>
      <publisher>
        <publisher-name/>
      </publisher>
    </journal-meta>
    <article-meta>
      <title-group>
        <article-title>Lecture Data Science for Electron
Microscopy</article-title>
      </title-group>
      <contrib-group>
        <contrib contrib-type="author" corresp="yes">
          <contrib-id contrib-id-type="orcid">0000-0002-8009-4515</contrib-id>
          <name>
            <surname>Pelz</surname>
            <given-names>Philipp</given-names>
          </name>
          <string-name>Philipp Pelz</string-name>
          <email>philipp.pelz@fau.de</email>
          <role vocab="https://credit.niso.org" vocab-term="investigation" vocab-term-identifier="https://credit.niso.org/contributor-roles/investigation/">Investigation</role>
          <role vocab="https://credit.niso.org" vocab-term="project administration" vocab-term-identifier="https://credit.niso.org/contributor-roles/project-administration/">Project
administration</role>
          <role vocab="https://credit.niso.org" vocab-term="software" vocab-term-identifier="https://credit.niso.org/contributor-roles/software/">Software</role>
          <role vocab="https://credit.niso.org" vocab-term="visualization" vocab-term-identifier="https://credit.niso.org/contributor-roles/visualization/">Visualization</role>
          <xref ref-type="aff" rid="aff-1">a</xref>
          <xref ref-type="corresp" rid="cor-1">*</xref>
        </contrib>
      </contrib-group>
      <aff id="aff-1">
        <institution-wrap>
          <institution>FAU Erlangen-Nuernberg</institution>
        </institution-wrap>
      </aff>
      <author-notes>
        <corresp id="cor-1">philipp.pelz@fau.de</corresp>
      </author-notes>
      <pub-date date-type="pub" publication-format="electronic" iso-8601-date="2024-11-01">
        <year>2024</year>
        <month>11</month>
        <day>1</day>
      </pub-date>
      <history/>
      <abstract>
        <p>This is the website for the Data Science for Electron Microscopy
Lecture</p>
      </abstract>
      <kwd-group kwd-group-type="author">
        <kwd>Data Science</kwd>
        <kwd>Electron Microscopy</kwd>
      </kwd-group>
    </article-meta>
  </front>
  <body>
    <sec id="lecture-1-intro">
      <title>1 Lecture 1: Intro</title>
    </sec>
    <sec id="sec-lecture2">
      <title>2 Lecture 2</title>
    </sec>
    <sec id="sec-lecture3">
      <title>3 Lecture 3</title>
    </sec>
    <sec id="sec-lecture4">
      <title>4 Lecture 4</title>
    </sec>
    <sec id="sec-lecture5">
      <title>5 Lecture 5</title>
    </sec>
    <sec id="sec-lecture6">
      <title>6 Lecture 6</title>
    </sec>
    <sec id="sec-lecture7">
      <title>7 Lecture 7</title>
    </sec>
    <sec id="sec-lecture8">
      <title>8 Lecture 8</title>
    </sec>
    <sec id="references">
      <title>References</title>
    </sec>
  </body>
  <back>
</back>
  <sub-article article-type="notebook" id="nb-4-nb-article">
    <front-stub>
      <title-group>
        <article-title>Lecture Data Science for Electron
Microscopy</article-title>
      </title-group>
      <contrib-group>
        <contrib contrib-type="author" corresp="yes">
          <contrib-id contrib-id-type="orcid">0000-0002-8009-4515</contrib-id>
          <name>
            <surname>Pelz</surname>
            <given-names>Philipp</given-names>
          </name>
          <string-name>Philipp Pelz</string-name>
          <email>philipp.pelz@fau.de</email>
          <role vocab="https://credit.niso.org" vocab-term="investigation" vocab-term-identifier="https://credit.niso.org/contributor-roles/investigation/">Investigation</role>
          <role vocab="https://credit.niso.org" vocab-term="project administration" vocab-term-identifier="https://credit.niso.org/contributor-roles/project-administration/">Project
administration</role>
          <role vocab="https://credit.niso.org" vocab-term="software" vocab-term-identifier="https://credit.niso.org/contributor-roles/software/">Software</role>
          <role vocab="https://credit.niso.org" vocab-term="visualization" vocab-term-identifier="https://credit.niso.org/contributor-roles/visualization/">Visualization</role>
          <xref ref-type="aff" rid="aff-1-nb-article">a</xref>
          <xref ref-type="corresp" rid="cor-1-nb-article">*</xref>
        </contrib>
      </contrib-group>
      <aff id="aff-1-nb-article">
        <institution-wrap>
          <institution>FAU Erlangen-Nuernberg</institution>
        </institution-wrap>
      </aff>
      <author-notes>
        <corresp id="cor-1-nb-article">philipp.pelz@fau.de</corresp>
      </author-notes>
      <abstract>
        <p>This is the website for the Data Science for Electron Microscopy
Lecture</p>
      </abstract>
    </front-stub>
    <body>
      <sec id="lecture-1-intro-nb-article">
        <title>1 Lecture 1: Intro</title>
        <sec id="aae84d7c-nb-article" specific-use="notebook-content">
          <code language="python">import matplotlib.pyplot as plt
import numpy as np
eruptions = [1492, 1585, 1646, 1677, 1712, 1949, 1971, 2021]</code>
        </sec>
        <sec id="e63be9a8-nb-article" specific-use="notebook-content">
</sec>
        <sec id="sec-lecture2-nb-article">
          <title>2 Lecture 2</title>
        </sec>
        <sec id="sec-lecture3-nb-article">
          <title>3 Lecture 3</title>
        </sec>
        <sec id="sec-lecture4-nb-article">
          <title>4 Lecture 4</title>
        </sec>
        <sec id="sec-lecture5-nb-article">
          <title>5 Lecture 5</title>
        </sec>
        <sec id="sec-lecture6-nb-article">
          <title>6 Lecture 6</title>
        </sec>
        <sec id="sec-lecture7-nb-article">
          <title>7 Lecture 7</title>
        </sec>
        <sec id="sec-lecture8-nb-article">
          <title>8 Lecture 8</title>
        </sec>
        <sec id="references-nb-article">
          <title>References</title>
        </sec>
      </sec>
    </body>
    <back>
</back>
  </sub-article>
  <sub-article article-type="notebook" id="nb-2-nb-1">
    <front-stub>
      <title-group>
        <article-title>Data Screening</article-title>
      </title-group>
      <contrib-group>
        <contrib contrib-type="author">
          <contrib-id contrib-id-type="orcid">0000-0002-8009-4515</contrib-id>
          <name>
            <surname>Pelz</surname>
            <given-names>Philipp</given-names>
          </name>
          <string-name>Philipp Pelz</string-name>
        </contrib>
      </contrib-group>
    </front-stub>
    <body>
      <sec id="cell-7e88d526-nb-1" specific-use="notebook-content">
        <preformat>import pandas as pd
import matplotlib.pyplot as plt</preformat>
      </sec>
    </body>
    <back>
</back>
  </sub-article>
</article>
