{
  "hash": "646b5a72dad954811b8af2cf4fda8910",
  "result": {
    "engine": "jupyter",
    "markdown": "---\ntitle: Lecture Data Science for Electron Microscopy Winter 2024\nauthor:\n  - name: Philipp Pelz\n    orcid: 0000-0002-8009-4515\n    corresponding: true\n    email: philipp.pelz@fau.de\n    roles:\n      - Investigation\n      - Project administration\n      - Software\n      - Visualization\n    affiliations:\n      - FAU Erlangen-Nuernberg\nkeywords:\n  - Data Science\n  - Electron Microscopy\nabstract: |\n  This is the website for the Data Science for Electron Microscopy Lecture\nplain-language-summary: |\n  This is the website for the Data Science for Electron Microscopy Lecture\nkey-points:\n  - a website for the lecture\ndate: last-modified\nbibliography: references.bib\ncitation:\n  container-title: Friedrich-Alexander Universitaet Erlangen-Nuernberg\nnumber-sections: true\njupyter: python3\n---\n\n\n\n\n\n- [Pelz Lab website](https://pelzlab.science)\n- [Studon Link](https://www.studon.fau.de/campo/course/421992)\n  \n\n\n\n\n\n## Lecture 1: Intro (25.10.2024)\n<!-- @marrero2019 -->\n- Introduction \n- [d2l Chapter 2: Preliminaries](https://d2l.ai/chapter_preliminaries/index.html)\n\n## Lecture 2: Regression and Sensor Fusion (8.11.2024) {#sec-lecture2}\n\n- [d2l Chapter 3: Regression](https://d2l.ai/chapter_linear-regression/index.html)\n- Sensor Fusion Slides\n\n## Lecture 3: CNNs (15.11.2024) {#sec-lecture3}\n\n- [d2l Chapter 7: CNNs](https://d2l.ai/chapter_convolutional-neural-networks/index.html)\n- [d2l Chapter 8: CNNs](https://d2l.ai/chapter_convolutional-modern/index.html)\n\n## Lecture 4: Classification, Segmentation, AutoEncoders (22.11.2024) {#sec-lecture4}\n\n- [d2l Chapter 4: Classification](https://d2l.ai/chapter_linear-classification/index.html)\n- [d2l Chapter 14.9: Segmentation](https://d2l.ai/chapter_computer-vision/semantic-segmentation-and-dataset.html)\n- Segmentation\n- Dimensionality Reduction\n  - PCA\n  - Autoencoder\n  - Variational Autoencoder\n\n## Miniproject (29.11. - 13.12.2024) {#sec-lecture5}\n\n1. Segmentation\n2. VAE & Dimensionality Reduction\n3. Denoising\n4. Image-to-Image Translation\n\n## Lecture 5: Mixed Bag (10.1.2025)  {#sec-lecture6}\n\n- Project presentation\n- Generative Adversarial Networks\n- Gaussian Processes 1\n\n## Lecture 6: GPs (17.1.2025) {#sec-lecture7}\n\n## Lecture 7: Bayesian Optimization, Active Learning, Deep Kernel Learning (24.1.2025) {#sec-lecture8}\n\n## Lecture 8: Inverse Imaging Problems 1: Tomography, Deconvolution (31.1.2025) {#sec-lecture9}\n\n## Lecture 9: Inverse Imaging Problems 2: Phase Contrast Imaging, Superresolution Imaging (7.2.2025) {#sec-lecture10}\n\n<!-- ## References {.unnumbered} -->\n\n<!-- ::: {#refs}\n::: -->\n\n",
    "supporting": [
      "index_files/figure-docx"
    ],
    "filters": []
  }
}