{
  "hash": "d4d7ec455fc86c9092f5e6076ae2b4cc",
  "result": {
    "engine": "jupyter",
    "markdown": "---\ntitle: Lecture Data Science for Electron Microscopy\nauthor:\n  - name: Philipp Pelz\n    orcid: 0000-0002-8009-4515\n    corresponding: true\n    email: philipp.pelz@fau.de\n    roles:\n      - Investigation\n      - Project administration\n      - Software\n      - Visualization\n    affiliations:\n      - FAU Erlangen-Nuernberg\nkeywords:\n  - Data Science\n  - Electron Microscopy\nabstract: |\n  This is the website for the Data Science for Electron Microscopy Lecture\nplain-language-summary: |\n  This is the website for the Data Science for Electron Microscopy Lecture\nkey-points:\n  - a website for the lecture\ndate: last-modified\nbibliography: references.bib\ncitation:\n  container-title: Friedrich-Alexander Universitaet Erlangen-Nuernberg\nnumber-sections: true\njupyter: python3\n---\n\n\n\n\n\n\n## Lecture 1: Intro\n\n::: {.cell execution_count=1}\n``` {.python .cell-code .hidden}\nimport matplotlib.pyplot as plt\nimport numpy as np\neruptions = [1492, 1585, 1646, 1677, 1712, 1949, 1971, 2021]\n```\n:::\n\n\n:::{#9f2ae6c4 .cell .markdown}\n## Lecture 2 {#sec-lecture2}\n\n## Lecture 3 {#sec-lecture3}\n\n## Lecture 4 {#sec-lecture4}\n\n## Lecture 5 {#sec-lecture5}\n\n## Lecture 6 {#sec-lecture6}\n\n## Lecture 7 {#sec-lecture7}\n\n## Lecture 8 {#sec-lecture8}\n\n## References {.unnumbered}\n\n::: {#refs}\n:::\n:::\n\n",
    "supporting": [
      "index_files/figure-pdf"
    ],
    "filters": []
  }
}