{
  "hash": "9dd39cd5ae5c4d8c689922fce15ae574",
  "result": {
    "engine": "jupyter",
    "markdown": "---\ntitle: Data Screening\ndescription: Screening and filtering data from the IGN catalog down to the relevant events for La Palma\nauthors:\n  - name: Philipp Pelz\n    orcid: 0000-0002-8009-4515\njupyter: python3\n---\n\n::: {#41e2c7f6 .cell execution_count=1}\n``` {}\nimport pandas as pd\nimport matplotlib.pyplot as plt\n```\n:::\n\n\n",
    "supporting": [
      "data-screening_files/figure-html"
    ],
    "filters": [],
    "includes": {}
  }
}